<?xml version="1.0" encoding="UTF-8"?>
<rss version="2.0" xmlns:ror="http://rorweb.com/0.1/" >
<channel>
  <title>ROR Sitemap for https://projehkadeh.ir/</title>
  <link>https://projehkadeh.ir/</link>

<item>
     <link>https://projehkadeh.ir/</link>
     <title>projehkadeh</title>
     <description>projehkadeh</description>
     <ror:updatePeriod></ror:updatePeriod>
     <ror:sortOrder>0</ror:sortOrder>
     <ror:resourceOf>sitemap</ror:resourceOf>
</item>
<item>
     <link>https://projehkadeh.ir/shop/</link>
     <title>فروشگاه &amp;#8211; projehkadeh</title>
     <description>فروشگاه &amp;#8211; projehkadeh</description>
     <ror:updatePeriod></ror:updatePeriod>
     <ror:sortOrder>1</ror:sortOrder>
     <ror:resourceOf>sitemap</ror:resourceOf>
</item>
<item>
     <link>https://projehkadeh.ir/%d9%88%d8%b1%d9%88%d8%af/</link>
     <title>ورود &amp;#8211; projehkadeh</title>
     <description>ورود &amp;#8211; projehkadeh</description>
     <ror:updatePeriod></ror:updatePeriod>
     <ror:sortOrder>1</ror:sortOrder>
     <ror:resourceOf>sitemap</ror:resourceOf>
</item>
<item>
     <link>https://projehkadeh.ir/%d8%ab%d8%a8%d8%aa-%d9%86%d8%a7%d9%85/</link>
     <title>ثبت نام &amp;#8211; projehkadeh</title>
     <description>ثبت نام &amp;#8211; projehkadeh</description>
     <ror:updatePeriod></ror:updatePeriod>
     <ror:sortOrder>1</ror:sortOrder>
     <ror:resourceOf>sitemap</ror:resourceOf>
</item>
<item>
     <link>https://projehkadeh.ir/product/%d9%be%d8%b1%d9%88%da%98%d9%87-%d9%85%d8%a7%d8%b4%db%8c%d9%86-%d8%ad%d8%b3%d8%a7%d8%a8/</link>
     <title>پروژه ماشین حساب &amp;#8211; projehkadeh</title>
     <description>این پروژه ماشین حساب ویندوز فرم در درس سی شارپ در کتاب توسعه و برنامه سازی پایگاه داده است که در اختیار شما قرار میگیرد .</description>
     <ror:updatePeriod></ror:updatePeriod>
     <ror:sortOrder>1</ror:sortOrder>
     <ror:resourceOf>sitemap</ror:resourceOf>
</item>
<item>
     <link>https://projehkadeh.ir/product/%d9%be%d8%b1%d9%88%da%98%d9%87-%da%86%da%a9-%d9%84%db%8c%d8%b3%d8%aa/</link>
     <title>پروژه چک لیست &amp;#8211; projehkadeh</title>
     <description>این پروژه ToDoList است که با زبان برنامه نویسی پایتون نوشته شده . این برنامه قابلیت مرتب کردن کار های روزمره ، تم دارک و لایت و تاریخچه حذف، اضافه و انجام شده دارد .</description>
     <ror:updatePeriod></ror:updatePeriod>
     <ror:sortOrder>1</ror:sortOrder>
     <ror:resourceOf>sitemap</ror:resourceOf>
</item>
<item>
     <link>https://projehkadeh.ir/product/%d9%be%d8%b1%d9%88%da%98%d9%87-%d9%85%db%8c%d9%85%d9%88%d9%86/</link>
     <title>پروژه میمون &amp;#8211; projehkadeh</title>
     <description>پروژه میمون یک فعالیت آموزشی در صفحه ۱۶ کتاب تولید محتوا پایه دهم است که با بهترین کیفیت و دقت طراحی شده. این پروژه به دانش‌آموزان کمک می‌کند تا با انجام تمرینات عملی و پروژه‌محور، مهارت‌های تولید محتوا و خلاقیت خود را تقویت کنند. فایل‌های این پروژه با ضمانت کیفیت و رضایت‌�</description>
     <ror:updatePeriod></ror:updatePeriod>
     <ror:sortOrder>1</ror:sortOrder>
     <ror:resourceOf>sitemap</ror:resourceOf>
</item>
<item>
     <link>https://projehkadeh.ir/product/%d9%be%d8%b1%d9%88%da%98%d9%87-%d8%ae%d8%b1%da%af%d9%88%d8%b4/</link>
     <title>پروژه خرگوش &amp;#8211; projehkadeh</title>
     <description>پروژه خرگوش یک فعالیت آموزشی در صفحه ۱۶ کتاب تولید محتوا پایه دهم است که با بهترین کیفیت و دقت طراحی شده. این پروژه به دانش‌آموزان کمک می‌کند تا با انجام تمرینات عملی و پروژه‌محور، مهارت‌های تولید محتوا و خلاقیت خود را تقویت کنند. فایل‌های این پروژه با ضمانت کیفیت و رضایت‌�</description>
     <ror:updatePeriod></ror:updatePeriod>
     <ror:sortOrder>1</ror:sortOrder>
     <ror:resourceOf>sitemap</ror:resourceOf>
</item>
<item>
     <link>https://projehkadeh.ir/product/%d9%be%d8%b1%d9%88%da%98%d9%87-%d8%ac%d8%ba%d8%af/</link>
     <title>پروژه جغد &amp;#8211; projehkadeh</title>
     <description>توضیحات کوتاه محصول: پروژه جغد
پروژه جغد یک فعالیت آموزشی هدفمند در صفحه ۱۶ کتاب تولید محتوا، ویژه دانش‌آموزان رشته‌های شبکه و نرم‌افزار است. این پروژه با دقت و کیفیت بالا طراحی شده تا مفاهیم پایه‌ای شبکه و نرم‌افزار را به شیوه‌ای جذاب و کاربردی آموزش دهد. با تمرینات عملی </description>
     <ror:updatePeriod></ror:updatePeriod>
     <ror:sortOrder>1</ror:sortOrder>
     <ror:resourceOf>sitemap</ror:resourceOf>
</item>
<item>
     <link>https://projehkadeh.ir/product-category/%da%af%d8%b1%d8%a7%d9%81%db%8c%da%a9/%d8%a7%db%8c%d9%84%d8%a7%d8%b3%d8%aa%d8%b1%db%8c%d8%aa%d9%88%d8%b1/</link>
     <title>ایلاستریتور &amp;#8211; projehkadeh</title>
     <description>ایلاستریتور &amp;#8211; projehkadeh</description>
     <ror:updatePeriod></ror:updatePeriod>
     <ror:sortOrder>1</ror:sortOrder>
     <ror:resourceOf>sitemap</ror:resourceOf>
</item>
<item>
     <link>https://projehkadeh.ir/product-category/%d8%a8%d8%b1%d9%86%d8%a7%d9%85%d9%87-%d9%86%d9%88%db%8c%d8%b3%db%8c/%d8%b3%db%8c-%d8%b4%d8%a7%d8%b1%d9%be/</link>
     <title>سی شارپ &amp;#8211; projehkadeh</title>
     <description>سی شارپ &amp;#8211; projehkadeh</description>
     <ror:updatePeriod></ror:updatePeriod>
     <ror:sortOrder>1</ror:sortOrder>
     <ror:resourceOf>sitemap</ror:resourceOf>
</item>
<item>
     <link>https://projehkadeh.ir/product-category/%d8%a8%d8%b1%d9%86%d8%a7%d9%85%d9%87-%d9%86%d9%88%db%8c%d8%b3%db%8c/%d9%be%d8%a7%db%8c%d8%aa%d9%88%d9%86/</link>
     <title>پایتون &amp;#8211; projehkadeh</title>
     <description>پایتون &amp;#8211; projehkadeh</description>
     <ror:updatePeriod></ror:updatePeriod>
     <ror:sortOrder>1</ror:sortOrder>
     <ror:resourceOf>sitemap</ror:resourceOf>
</item>
<item>
     <link>https://projehkadeh.ir/product-category/%da%af%d8%b1%d8%a7%d9%81%db%8c%da%a9/</link>
     <title>گرافیک &amp;#8211; projehkadeh</title>
     <description>گرافیک &amp;#8211; projehkadeh</description>
     <ror:updatePeriod></ror:updatePeriod>
     <ror:sortOrder>1</ror:sortOrder>
     <ror:resourceOf>sitemap</ror:resourceOf>
</item>
<item>
     <link>https://projehkadeh.ir/product-category/%d8%a8%d8%b1%d9%86%d8%a7%d9%85%d9%87-%d9%86%d9%88%db%8c%d8%b3%db%8c/</link>
     <title>برنامه نویسی &amp;#8211; projehkadeh</title>
     <description>برنامه نویسی &amp;#8211; projehkadeh</description>
     <ror:updatePeriod></ror:updatePeriod>
     <ror:sortOrder>1</ror:sortOrder>
     <ror:resourceOf>sitemap</ror:resourceOf>
</item>
</channel>
</rss>
  